Lado,Setor,Setor em Letras,Setor Numerado
Oeste,Oeste Inferior Lateral Corner - Nível 1,G,401
Oeste,Oeste Inferior Lateral - Nível 1,E,402
Oeste,Oeste Inferior Lateral - Nível 1,E,403
Oeste,Oeste Inferior Lateral Premium - Nível 1,C,404
Oeste,Oeste Inferior Central Premium - Nível 1,A,405
Oeste,Oeste Inferior Lateral Premium - Nível 1,C,406
Oeste,Oeste Inferior Lateral - Nível 1,E,407
Oeste,Oeste Inferior Lateral - Nível 1,E,408
Oeste,Oeste Inferior Lateral Corner - Nível 1,G,409
Sul,Sul Endzone - Nível 1,J,410
Sul,Sul Endzone - Nível 1,J,411
Sul,Sul Endzone - Nível 1,J,412
Sul,Sul Endzone - Nível 1,J,413
Sul,Sul Endzone - Nível 1,J,414
Sul,Sul Endzone - Nível 1,J,415
Sul,Sul Endzone - Nível 1,J,416
Sul,Sul Endzone - Nível 1,J,417
Leste,Leste Inferior Lateral Corner - Nível 1,G,418
Leste,Leste Inferior Lateral - Nível 1,E,419
Leste,Leste Inferior Lateral - Nível 1,E,420
Leste,Leste Inferior Lateral Premium - Nível 1,C,421
Leste,Leste Inferior Central Premium - Nível 1,A,422
Leste,Leste Inferior Lateral Premium - Nível 1,C,423
Leste,Leste Inferior Lateral - Nível 1,E,424
Leste,Leste Inferior Lateral - Nível 1,E,425
Leste,Leste Inferior Lateral Corner - Nível 1,G,426
Norte,Norte Endzone - Nível 1,J,427
Norte,Norte Endzone - Nível 1,J,428
Norte,Norte Endzone - Nível 1,J,429
Norte,Norte Endzone - Nível 1,J,430
Norte,Norte Endzone - Nível 1,J,431
Norte,Norte Endzone - Nível 1,J,432
Norte,Norte Endzone - Nível 1,J,433
Norte,Norte Endzone - Nível 1,J,434
Leste,Leste Superior Lateral Corner - Nível 1,L,617
Leste,Leste Superior Lateral Corner - Nível 1,L,618
Leste,Leste Superior Lateral Corner - Nível 1,L,619
Leste,Leste Superior Lateral - Nível 1,I,620
Leste,Leste Superior Lateral - Nível 1,I,621
Leste,Leste Superior Lateral - Nível 1,I,622
Leste,Leste Superior Lateral - Nível 1,I,623
Leste,Leste Superior Lateral - Nível 1,I,624
Leste,Leste Superior Lateral Corner - Nível 1,L,625
Leste,Leste Superior Lateral Corner - Nível 1,L,626
Leste,Leste Superior Lateral Corner - Nível 1,L,627
Oeste,Oeste Superior Lateral Corner - Nível 1,L,901
Oeste,Oeste Superior Lateral Corner - Nível 1,L,902
Oeste,Oeste Superior Lateral Corner - Nível 1,L,903
Oeste,Oeste Superior Lateral - Nível 1,I,904
Oeste,Oeste Superior Lateral - Nível 1,I,908
Oeste,Oeste Superior Lateral Corner - Nível 1,L,908
Oeste,Oeste Superior Lateral Corner - Nível 1,L,909
Oeste,Oeste Superior Lateral Corner - Nível 1,L,910
Oeste,Oeste Inferior Lateral Corner - Nível 2,H,.401.
Oeste,Oeste Inferior Lateral - Nível 2,F,.402.
Oeste,Oeste Inferior Lateral - Nível 2,F,.403.
Oeste,Oeste Inferior Lateral Premium - Nível 2,D,.404.
Oeste,Oeste Inferior Central Premium - Nível 2,B,.405.
Oeste,Oeste Inferior Lateral Premium - Nível 2,D,.406.
Oeste,Oeste Inferior Lateral - Nível 2,F,.407.
Oeste,Oeste Inferior Lateral - Nível 2,F,.408.
Oeste,Oeste Inferior Lateral Corner - Nível 2,H,.409.
Sul,Sul Endzone - Nível 2,M,.410.
Sul,Sul Endzone - Nível 2,M,.411.
Sul,Sul Endzone - Nível 2,M,.412.
Sul,Sul Endzone - Nível 2,M,.413.
Sul,Sul Endzone - Nível 2,M,.414.
Sul,Sul Endzone - Nível 2,M,.415.
Sul,Sul Endzone - Nível 2,M,.416.
Sul,Sul Endzone - Nível 2,M,.417.
Leste,Leste Inferior Lateral Corner - Nível 2,H,.418.
Leste,Leste Inferior Lateral - Nível 2,F,.419.
Leste,Leste Inferior Lateral - Nível 2,F,.420.
Leste,Leste Inferior Lateral Premium - Nível 2,D,.421.
Leste,Leste Inferior Central Premium - Nível 2,B,.422.
Leste,Leste Inferior Lateral - Nível 2,F,.422.
Leste,Leste Inferior Lateral Premium - Nível 2,D,.423.
Leste,Leste Inferior Lateral - Nível 2,F,.425.
Leste,Leste Inferior Lateral Corner - Nível 2,H,.426.
Norte,Norte Endzone - Nível 2,M,.427.
Norte,Norte Endzone - Nível 2,M,.428.
Norte,Norte Endzone - Nível 2,M,.429.
Norte,Norte Endzone - Nível 2,M,.430.
Norte,Norte Endzone - Nível 2,M,.431.
Norte,Norte Endzone - Nível 2,M,.432.
Norte,Norte Endzone - Nível 2,M,.433.
Norte,Norte Endzone - Nível 2,M,.434.
Leste,Leste Superior Lateral Corner - Nível 2,N,.617.
Leste,Leste Superior Lateral Corner - Nível 2,N,.618.
Leste,Leste Superior Lateral Corner - Nível 2,N,.619.
Leste,Leste Superior Lateral - Nível 2,K,.620.
Leste,Leste Superior Lateral - Nível 2,K,.621.
Leste,Leste Superior Lateral - Nível 2,K,.622.
Leste,Leste Superior Lateral - Nível 2,K,.623.
Leste,Leste Superior Lateral - Nível 2,K,.624.
Leste,Leste Superior Lateral Corner - Nível 2,N,.625.
Leste,Leste Superior Lateral Corner - Nível 2,N,.626.
Leste,Leste Superior Lateral Corner - Nível 2,N,.627.
Oeste,Oeste Superior Lateral Corner - Nível 2,N,.901.
Oeste,Oeste Superior Lateral Corner - Nível 2,N,.902.
Oeste,Oeste Superior Lateral Corner - Nível 2,N,.903.
Oeste,Oeste Superior Lateral - Nível 2,K,.904.
Oeste,Oeste Superior Lateral - Nível 2,K,.905.
Oeste,Oeste Superior Lateral - Nível 2,K,.906.
Oeste,Oeste Superior Lateral - Nível 2,K,.907.
Oeste,Oeste Superior Lateral - Nível 2,K,.908.
Oeste,Oeste Superior Lateral Corner - Nível 2,N,.908.
Oeste,Oeste Superior Lateral Corner - Nível 2,N,.909.
Oeste,Oeste Superior Lateral Corner - Nível 2,N,.910.